-- 🧩 1. departments

INSERT INTO departments (dept_no, dept_name) VALUES
('d001', 'Human Resources'),
('d002', 'Finance'),
('d003', 'Research and Development'),
('d004', 'Sales'),
('d005', 'Customer Support'),
('d006', 'Marketing'),
('d007', 'Production'),
('d008', 'IT'),
('d009', 'Legal'),
('d010', 'Administration');

-- 🧍 2. employees

INSERT INTO employees (emp_no, birth_date, first_name, last_name, gender, hire_date) VALUES
(10001, '1984-03-15', 'John', 'Smith', 'M', '2008-05-20'),
(10002, '1978-07-22', 'Maria', 'Garcia', 'F', '2010-09-15'),
(10003, '1990-11-05', 'David', 'Johnson', 'M', '2015-03-10'),
(10004, '1986-02-12', 'Patricia', 'Brown', 'F', '2012-07-01'),
(10005, '1972-12-30', 'Michael', 'Davis', 'M', '2005-11-18'),
(10006, '1988-04-19', 'Linda', 'Miller', 'F', '2016-02-10'),
(10007, '1992-10-25', 'James', 'Wilson', 'M', '2019-08-01'),
(10008, '1983-09-13', 'Barbara', 'Moore', 'F', '2009-04-22'),
(10009, '1979-06-01', 'Robert', 'Taylor', 'M', '2007-01-05'),
(10010, '1985-08-14', 'Elizabeth', 'Anderson', 'F', '2011-10-17'),
(10011, '1993-05-23', 'William', 'Thomas', 'M', '2020-01-12'),
(10012, '1981-09-18', 'Jennifer', 'Jackson', 'F', '2009-06-05'),
(10013, '1980-04-09', 'Richard', 'White', 'M', '2006-02-17'),
(10014, '1989-12-03', 'Susan', 'Harris', 'F', '2014-08-19'),
(10015, '1991-01-11', 'Joseph', 'Martin', 'M', '2018-03-25'),
(10016, '1987-03-30', 'Jessica', 'Thompson', 'F', '2013-05-11'),
(10017, '1982-06-22', 'Charles', 'Martinez', 'M', '2009-09-09'),
(10018, '1976-01-09', 'Sarah', 'Robinson', 'F', '2004-12-01'),
(10019, '1994-10-10', 'Christopher', 'Clark', 'M', '2021-06-15'),
(10020, '1983-11-27', 'Karen', 'Rodriguez', 'F', '2010-02-24'),
(10021, '1975-02-18', 'Daniel', 'Lewis', 'M', '2003-07-10'),
(10022, '1990-05-14', 'Nancy', 'Lee', 'F', '2017-09-01'),
(10023, '1988-09-02', 'Matthew', 'Walker', 'M', '2016-04-05'),
(10024, '1985-12-28', 'Betty', 'Hall', 'F', '2011-03-21'),
(10025, '1979-03-05', 'Anthony', 'Allen', 'M', '2007-07-07'),
(10026, '1984-01-19', 'Donna', 'Young', 'F', '2008-09-09'),
(10027, '1987-07-11', 'Mark', 'Hernandez', 'M', '2012-12-03'),
(10028, '1992-02-25', 'Carol', 'King', 'F', '2019-10-12'),
(10029, '1986-08-03', 'Steven', 'Wright', 'M', '2012-06-14'),
(10030, '1981-05-16', 'Ruth', 'Lopez', 'F', '2009-02-27'),
(10031, '1995-03-02', 'Andrew', 'Hill', 'M', '2021-01-04'),
(10032, '1983-09-09', 'Sharon', 'Scott', 'F', '2010-11-22'),
(10033, '1982-10-19', 'Joshua', 'Green', 'M', '2009-05-08'),
(10034, '1991-04-28', 'Michelle', 'Adams', 'F', '2018-06-17'),
(10035, '1978-07-20', 'Brian', 'Baker', 'M', '2006-10-29'),
(10036, '1989-09-14', 'Laura', 'Gonzalez', 'F', '2015-02-02'),
(10037, '1985-10-05', 'Kevin', 'Nelson', 'M', '2011-07-15'),
(10038, '1979-04-21', 'Helen', 'Carter', 'F', '2007-09-13'),
(10039, '1993-06-18', 'Edward', 'Mitchell', 'M', '2020-04-09'),
(10040, '1980-12-06', 'Amy', 'Perez', 'F', '2008-08-08'),
(10041, '1987-03-07', 'George', 'Roberts', 'M', '2013-04-11'),
(10042, '1990-09-22', 'Angela', 'Turner', 'F', '2017-10-10'),
(10043, '1983-01-26', 'Paul', 'Phillips', 'M', '2010-05-30'),
(10044, '1984-07-17', 'Deborah', 'Campbell', 'F', '2008-12-21'),
(10045, '1977-10-13', 'Kenneth', 'Parker', 'M', '2005-02-03'),
(10046, '1992-11-09', 'Cynthia', 'Evans', 'F', '2019-11-15'),
(10047, '1989-08-31', 'Ronald', 'Edwards', 'M', '2014-03-28'),
(10048, '1981-04-12', 'Rebecca', 'Collins', 'F', '2009-01-19'),
(10049, '1988-06-24', 'Timothy', 'Stewart', 'M', '2016-07-22'),
(10050, '1994-01-15', 'Laura', 'Sanchez', 'F', '2021-03-03');


-- 🏢 3. dept_emp (each employee assigned to one department)

INSERT INTO dept_emp (emp_no, dept_no, from_date, to_date) VALUES
(10001, 'd004', '2008-05-20', '2016-11-05'),
(10002, 'd002', '2010-09-15', '2018-04-22'),
(10003, 'd003', '2015-03-10', '2021-12-30'),
(10004, 'd001', '2012-07-01', '2019-05-18'),
(10005, 'd007', '2005-11-18', '2013-07-02'),
(10006, 'd008', '2016-02-10', '2022-08-11'),
(10007, 'd004', '2019-08-01', '2024-03-25'),
(10008, 'd005', '2009-04-22', '2017-06-10'),
(10009, 'd002', '2007-01-05', '2014-10-01'),
(10010, 'd006', '2011-10-17', '2020-05-09'),
(10011, 'd003', '2020-01-12', '2025-03-01'),
(10012, 'd001', '2009-06-05', '2016-09-30'),
(10013, 'd009', '2006-02-17', '2014-01-27'),
(10014, 'd004', '2014-08-19', '2021-04-15'),
(10015, 'd008', '2018-03-25', '2024-07-22'),
(10016, 'd006', '2013-05-11', '2019-09-19'),
(10017, 'd007', '2009-09-09', '2017-02-14'),
(10018, 'd005', '2004-12-01', '2012-05-20'),
(10019, 'd003', '2021-06-15', '2025-02-18'),
(10020, 'd010', '2010-02-24', '2016-10-03'),
(10021, 'd002', '2003-07-10', '2011-11-08'),
(10022, 'd006', '2017-09-01', '2023-07-12'),
(10023, 'd009', '2016-04-05', '2022-05-30'),
(10024, 'd001', '2011-03-21', '2019-02-11'),
(10025, 'd007', '2007-07-07', '2014-09-19'),
(10026, 'd010', '2008-09-09', '2015-05-27'),
(10027, 'd008', '2012-12-03', '2019-10-22'),
(10028, 'd004', '2019-10-12', '2024-08-06'),
(10029, 'd003', '2012-06-14', '2018-12-15'),
(10030, 'd005', '2009-02-27', '2016-06-09'),
(10031, 'd006', '2021-01-04', '2024-11-01'),
(10032, 'd002', '2010-11-22', '2018-09-30'),
(10033, 'd001', '2009-05-08', '2015-12-03'),
(10034, 'd008', '2018-06-17', '2023-03-14'),
(10035, 'd007', '2006-10-29', '2013-08-20'),
(10036, 'd004', '2015-02-02', '2021-06-07'),
(10037, 'd003', '2011-07-15', '2019-01-25'),
(10038, 'd005', '2007-09-13', '2013-12-02'),
(10039, 'd002', '2020-04-09', '2025-05-11'),
(10040, 'd009', '2008-08-08', '2016-01-14'),
(10041, 'd010', '2013-04-11', '2020-07-23'),
(10042, 'd006', '2017-10-10', '2024-04-18'),
(10043, 'd001', '2010-05-30', '2017-02-12'),
(10044, 'd008', '2008-12-21', '2015-09-08'),
(10045, 'd007', '2005-02-03', '2012-11-29'),
(10046, 'd003', '2019-11-15', '2024-10-02'),
(10047, 'd009', '2014-03-28', '2020-06-05'),
(10048, 'd002', '2009-01-19', '2017-08-22'),
(10049, 'd005', '2016-07-22', '2023-09-11'),
(10050, 'd010', '2021-03-03', '2025-06-20');

-- 👔 4. dept_manager (one per department)

INSERT INTO dept_manager (dept_no, emp_no, from_date, to_date) VALUES
('d001', 10004, '2012-07-01', '2020-09-15'),
('d002', 10009, '2007-01-05', '2015-03-28'),
('d003', 10003, '2015-03-10', '2023-06-22'),
('d004', 10001, '2008-05-20', '2017-11-10'),
('d005', 10008, '2009-04-22', '2016-12-01'),
('d006', 10010, '2011-10-17', '2020-05-09'),
('d007', 10005, '2005-11-18', '2013-08-03'),
('d008', 10006, '2016-02-10', '2024-01-19'),
('d009', 10013, '2006-02-17', '2014-06-05'),
('d010', 10020, '2010-02-24', '2018-10-30');

-- 🏷️ 5. titles

INSERT INTO titles (emp_no, title, from_date, to_date) VALUES
(10001, 'Sales Manager', '2008-05-20', '2017-09-10'),
(10002, 'Financial Analyst', '2010-09-15', '2018-12-22'),
(10003, 'R&D Engineer', '2015-03-10', '2023-04-11'),
(10004, 'HR Specialist', '2012-07-01', '2020-06-19'),
(10005, 'Production Manager', '2005-11-18', '2013-08-07'),
(10006, 'IT Support Engineer', '2016-02-10', '2024-02-03'),
(10007, 'Sales Executive', '2019-08-01', '2025-02-18'),
(10008, 'Customer Support Rep', '2009-04-22', '2017-05-30'),
(10009, 'Accountant', '2007-01-05', '2015-04-11'),
(10010, 'Marketing Coordinator', '2011-10-17', '2019-12-05'),
(10011, 'Research Associate', '2020-01-12', '2025-04-27'),
(10012, 'HR Assistant', '2009-06-05', '2017-09-21'),
(10013, 'Legal Advisor', '2006-02-17', '2014-01-29'),
(10014, 'Sales Representative', '2014-08-19', '2021-07-25'),
(10015, 'Software Engineer', '2018-03-25', '2024-06-17'),
(10016, 'Marketing Specialist', '2013-05-11', '2020-02-01'),
(10017, 'Production Supervisor', '2009-09-09', '2017-04-14'),
(10018, 'Customer Support Manager', '2004-12-01', '2012-05-19'),
(10019, 'Research Engineer', '2021-06-15', '2025-03-10'),
(10020, 'Admin Assistant', '2010-02-24', '2018-09-03'),
(10021, 'Finance Manager', '2003-07-10', '2011-06-30'),
(10022, 'Marketing Analyst', '2017-09-01', '2023-11-09'),
(10023, 'Paralegal', '2016-04-05', '2023-02-25'),
(10024, 'HR Coordinator', '2011-03-21', '2018-10-29'),
(10025, 'Production Technician', '2007-07-07', '2015-09-08'),
(10026, 'Office Administrator', '2008-09-09', '2016-06-16'),
(10027, 'System Analyst', '2012-12-03', '2020-10-10'),
(10028, 'Sales Associate', '2019-10-12', '2024-05-19'),
(10029, 'R&D Technician', '2012-06-14', '2018-12-27'),
(10030, 'Customer Support Rep', '2009-02-27', '2017-04-02'),
(10031, 'Marketing Intern', '2021-01-04', '2024-06-15'),
(10032, 'Finance Analyst', '2010-11-22', '2018-08-13'),
(10033, 'HR Consultant', '2009-05-08', '2016-11-18'),
(10034, 'IT Engineer', '2018-06-17', '2023-08-22'),
(10035, 'Production Supervisor', '2006-10-29', '2014-03-20'),
(10036, 'Sales Coordinator', '2015-02-02', '2021-05-17'),
(10037, 'Research Scientist', '2011-07-15', '2018-09-26'),
(10038, 'Customer Support Lead', '2007-09-13', '2014-10-29'),
(10039, 'Finance Intern', '2020-04-09', '2025-01-21'),
(10040, 'Legal Secretary', '2008-08-08', '2016-02-17'),
(10041, 'Admin Manager', '2013-04-11', '2020-07-14'),
(10042, 'Marketing Assistant', '2017-10-10', '2023-09-23'),
(10043, 'HR Officer', '2010-05-30', '2017-03-18'),
(10044, 'IT Project Manager', '2008-12-21', '2016-07-11'),
(10045, 'Production Lead', '2005-02-03', '2013-02-09'),
(10046, 'Research Assistant', '2019-11-15', '2024-04-02'),
(10047, 'Legal Associate', '2014-03-28', '2021-09-19'),
(10048, 'Finance Associate', '2009-01-19', '2017-06-27'),
(10049, 'Customer Support Rep', '2016-07-22', '2023-08-15'),
(10050, 'Administrative Assistant', '2021-03-03', '2025-06-22');


-- 💰 6. salaries

INSERT INTO salaries (emp_no, salary, from_date, to_date) VALUES
(10001, 95000, '2008-05-20', '2017-10-12'),
(10002, 88000, '2010-09-15', '2019-06-08'),
(10003, 105000, '2015-03-10', '2023-09-27'),
(10004, 72000, '2012-07-01', '2020-08-19'),
(10005, 112000, '2005-11-18', '2014-03-22'),
(10006, 78000, '2016-02-10', '2024-02-04'),
(10007, 69000, '2019-08-01', '2025-01-15'),
(10008, 64000, '2009-04-22', '2017-02-17'),
(10009, 97000, '2007-01-05', '2015-07-25'),
(10010, 85000, '2011-10-17', '2020-05-09'),
(10011, 67000, '2020-01-12', '2025-04-22'),
(10012, 71000, '2009-06-05', '2016-10-28'),
(10013, 120000, '2006-02-17', '2014-11-03'),
(10014, 75000, '2014-08-19', '2021-12-09'),
(10015, 95000, '2018-03-25', '2024-05-13'),
(10016, 80000, '2013-05-11', '2021-02-08'),
(10017, 110000, '2009-09-09', '2017-06-19'),
(10018, 115000, '2004-12-01', '2012-08-25'),
(10019, 78000, '2021-06-15', '2025-03-17'),
(10020, 69000, '2010-02-24', '2018-07-30'),
(10021, 118000, '2003-07-10', '2011-05-14'),
(10022, 83000, '2017-09-01', '2023-10-06'),
(10023, 92000, '2016-04-05', '2023-04-21'),
(10024, 70000, '2011-03-21', '2019-02-02'),
(10025, 99000, '2007-07-07', '2015-08-11'),
(10026, 73000, '2008-09-09', '2016-09-17'),
(10027, 89000, '2012-12-03', '2020-09-01'),
(10028, 67000, '2019-10-12', '2024-06-22'),
(10029, 98000, '2012-06-14', '2019-01-09'),
(10030, 64000, '2009-02-27', '2017-03-19'),
(10031, 52000, '2021-01-04', '2024-07-10'),
(10032, 88000, '2010-11-22', '2018-09-05'),
(10033, 74000, '2009-05-08', '2017-10-01'),
(10034, 91000, '2018-06-17', '2023-07-18'),
(10035, 102000, '2006-10-29', '2014-09-26'),
(10036, 77000, '2015-02-02', '2022-04-08'),
(10037, 99000, '2011-07-15', '2019-09-30'),
(10038, 81000, '2007-09-13', '2015-03-14'),
(10039, 58000, '2020-04-09', '2025-02-01'),
(10040, 88000, '2008-08-08', '2016-01-19'),
(10041, 97000, '2013-04-11', '2020-10-17'),
(10042, 70000, '2017-10-10', '2023-05-20'),
(10043, 72000, '2010-05-30', '2018-02-26'),
(10044, 105000, '2008-12-21', '2016-07-28'),
(10045, 112000, '2005-02-03', '2013-03-14'),
(10046, 75000, '2019-11-15', '2024-03-23'),
(10047, 96000, '2014-03-28', '2021-06-10'),
(10048, 93000, '2009-01-19', '2017-08-22'),
(10049, 68000, '2016-07-22', '2023-08-09'),
(10050, 61000, '2021-03-03', '2025-06-24');
